Fecha;Ultimo;Apertura;MAximo;MInimo;Vol.;var.
17.03.2023;4.850,50;4.851,00;4.867,47;4.797,82;;-0,01
16.03.2023;4.851,00;4.848,75;4.887,68;4.840,04;;-0,0024
15.03.2023;4.862,65;4.744,00;4.883,35;4.736,93;;0,0264
14.03.2023;4.737,50;4.771,00;4.776,76;4.720,80;;-0,0064
13.03.2023;4.768,00;4.717,10;4.789,53;4.712,90;;0,0118
10.03.2023;4.712,25;4.746,02;4.797,59;4.691,87;;-0,0065
09.03.2023;4.743,02;4.776,87;4.792,28;4.727,77;;-0,0065
08.03.2023;4.773,87;4.766,00;4.787,83;4.725,31;;0,0023
07.03.2023;4.763,00;4.663,75;4.792,65;4.663,27;;0,0133
06.03.2023;4.700,51;4.785,10;4.787,50;4.702,75;;-0,0176
03.03.2023;4.784,50;4.814,65;4.815,15;4.748,29;;-0,0057
02.03.2023;4.811,90;4.830,18;4.898,50;4.805,93;;-0,0033
01.03.2023;4.827,81;4.859,90;4.892,59;4.812,50;;-0,0059
28.02.2023;4.856,68;4.761,01;4.869,85;4.761,01;;0,0207
27.02.2023;4.758,26;4.840,15;4.848,59;4.755,75;;-0,0164
24.02.2023;4.837,40;4.858,15;4.879,41;4.815,37;;-0,0037
23.02.2023;4.855,40;4.896,35;4.906,48;4.834,06;;-0,0078
22.02.2023;4.893,36;4.961,50;4.961,75;4.890,53;;-0,0121
21.02.2023;4.953,43;4.916,31;4.979,00;4.894,35;;0,008
20.02.2023;4.913,94;4.905,10;4.923,04;4.881,63;;0,003
17.02.2023;4.899,45;4.927,09;4.956,19;4.879,77;;-0,0055
16.02.2023;4.926,34;4.896,90;4.998,49;4.880,33;;0,0063
15.02.2023;4.895,45;4.751,50;4.928,75;4.751,50;;0,0308
14.02.2023;4.749,00;4.831,60;4.831,84;4.733,32;;-0,008
13.02.2023;4.787,31;4.798,85;4.837,75;4.768,74;;-0,0025
10.02.2023;4.799,18;4.736,46;4.811,75;4.724,48;;0,012
09.02.2023;4.742,25;4.762,35;4.773,02;4.717,82;;-0,005
08.02.2023;4.766,05;4.729,06;4.793,55;4.726,17;;0,0085
07.02.2023;4.726,06;4.786,25;4.798,30;4.726,31;;-0,012
06.02.2023;4.783,25;4.699,25;4.803,70;4.692,24;;0,0188
03.02.2023;4.695,00;4.623,00;4.714,80;4.598,65;;0,0238
02.02.2023;4.586,00;4.647,40;4.647,40;4.542,58;;-0,0026
01.02.2023;4.598,05;4.668,51;4.670,38;4.598,89;;-0,0149
31.01.2023;4.667,72;4.651,96;4.673,63;4.591,90;;0,0036
30.01.2023;4.650,80;4.573,29;4.663,60;4.551,86;;0,0219
27.01.2023;4.551,00;4.527,70;4.582,85;4.502,36;;0,0057
26.01.2023;4.525,20;4.560,90;4.571,30;4.502,04;;-0,0001
25.01.2023;4.525,48;4.521,00;4.563,85;4.489,54;;0,0026
24.01.2023;4.513,54;4.559,00;4.567,15;4.505,63;;-0,0094
23.01.2023;4.556,50;4.618,27;4.618,27;4.532,02;;-0,0073
20.01.2023;4.590,00;4.702,72;4.702,72;4.595,00;;-0,016
19.01.2023;4.664,48;4.691,95;4.720,46;4.666,23;;-0,0053
18.01.2023;4.689,45;4.727,40;4.735,50;4.678,23;;-0,0075
17.01.2023;4.724,90;4.684,50;4.735,60;4.675,05;;0,0075
16.01.2023;4.689,88;4.670,78;4.689,88;4.670,78;;0,0011
13.01.2023;4.684,56;4.686,51;4.718,27;4.675,30;;0,0007
12.01.2023;4.681,51;4.733,00;4.733,02;4.671,10;;-0,0103
11.01.2023;4.730,00;4.787,83;4.788,07;4.728,13;;-0,0113
10.01.2023;4.784,00;4.853,08;4.853,21;4.783,48;;-0,0133
09.01.2023;4.848,34;4.860,81;4.861,42;4.849,30;;-0,0022
06.01.2023;4.859,00;4.966,35;4.973,65;4.844,18;;-0,0207
05.01.2023;4.961,60;4.930,25;5.008,88;4.930,23;;0,0081
04.01.2023;4.921,57;4.895,01;4.948,27;4.874,24;;0,006
03.01.2023;4.892,00;4.848,00;4.895,99;4.818,11;;0,0091
02.01.2023;4.848,00;4.848,67;4.848,67;4.848,00;;0,0002
30.12.2022;4.847,00;4.850,83;4.851,90;4.844,99;;0
29.12.2022;4.847,00;4.774,73;4.851,58;4.765,88;;0,0162
28.12.2022;4.769,77;4.763,56;4.782,38;4.750,12;;0,0016
27.12.2022;4.762,00;4.730,95;4.784,76;4.730,64;;0,0074
26.12.2022;4.727,00;4.729,00;4.731,00;4.728,50;;-0,0003
23.12.2022;4.728,33;4.761,00;4.761,88;4.727,79;;-0,0062
22.12.2022;4.758,00;4.767,83;4.769,00;4.751,32;;-0,0015
21.12.2022;4.765,00;4.777,15;4.777,15;4.754,26;;0,0006
20.12.2022;4.762,07;4.776,00;4.783,13;4.762,22;;-0,0025
19.12.2022;4.773,88;4.790,26;4.790,63;4.770,33;;-0,0024
16.12.2022;4.785,51;4.793,92;4.814,90;4.788,29;;-0,0011
15.12.2022;4.791,00;4.780,75;4.804,36;4.775,83;;0,0027
14.12.2022;4.778,00;4.765,41;4.786,05;4.757,65;;0,0034
13.12.2022;4.762,00;4.849,93;4.849,93;4.761,50;;-0,0162
12.12.2022;4.840,33;4.809,85;4.861,00;4.805,50;;0,0071
09.12.2022;4.806,00;4.824,34;4.834,23;4.804,49;;-0,0019
08.12.2022;4.815,18;4.825,21;4.826,17;4.819,09;;-0,0004
07.12.2022;4.817,18;4.833,64;4.843,88;4.819,38;;-0,0027
06.12.2022;4.830,00;4.835,50;4.836,85;4.806,80;;-0,0006
05.12.2022;4.832,68;4.771,54;4.837,68;4.765,20;;0,0134
02.12.2022;4.768,60;4.767,98;4.798,70;4.747,93;;0,0019
01.12.2022;4.759,60;4.830,57;4.831,42;4.764,80;;-0,014
30.11.2022;4.827,00;4.811,13;4.841,41;4.789,08;;0,0043
29.11.2022;4.806,38;4.833,38;4.834,17;4.801,19;;-0,005
28.11.2022;4.830,64;4.882,50;4.882,50;4.825,13;;-0,0064
25.11.2022;4.861,60;4.909,90;4.914,29;4.862,24;;-0,0088
24.11.2022;4.904,70;4.887,00;4.911,45;4.882,45;;0,0058
23.11.2022;4.876,47;4.907,14;4.907,14;4.859,00;;-0,0053
22.11.2022;4.902,39;4.950,67;4.950,67;4.895,27;;-0,009
21.11.2022;4.947,00;4.997,19;5.003,44;4.936,60;;-0,0075
18.11.2022;4.984,25;4.999,38;5.018,20;4.950,48;;-0,002
17.11.2022;4.994,38;4.941,33;5.041,45;4.941,33;;0,0118
16.11.2022;4.936,00;4.846,52;4.966,40;4.841,67;;0,0192
15.11.2022;4.843,00;4.805,31;4.849,22;4.767,21;;0,0085
14.11.2022;4.802,00;4.805,73;4.814,13;4.798,13;;0,0002
11.11.2022;4.801,10;4.806,08;4.810,50;4.798,61;;0,0008
10.11.2022;4.797,06;4.890,00;4.909,18;4.781,43;;-0,0194
09.11.2022;4.891,81;4.974,00;4.977,35;4.890,06;;-0,0156
08.11.2022;4.969,25;5.115,00;5.123,13;4.964,91;;-0,0264
07.11.2022;5.104,00;5.096,59;5.109,00;5.089,85;;0,0033
04.11.2022;5.087,00;5.068,85;5.118,17;4.999,92;;0,0057
03.11.2022;5.057,94;5.003,03;5.105,35;5.000,53;;0,012
02.11.2022;4.998,03;5.003,50;5.010,30;4.969,93;;-0,001
01.11.2022;5.003,00;4.936,60;5.015,25;4.887,83;;0,0149
31.10.2022;4.929,35;4.835,00;4.946,33;4.829,75;;0,0222
28.10.2022;4.822,08;4.800,00;4.867,71;4.760,04;;0,0073
27.10.2022;4.787,08;4.884,06;4.889,98;4.792,79;;-0,0173
26.10.2022;4.871,14;4.975,20;4.989,34;4.873,38;;-0,0186
25.10.2022;4.963,45;4.990,00;4.990,88;4.911,55;;-0,003
24.10.2022;4.978,25;4.918,10;5.003,58;4.912,20;;0,0147
21.10.2022;4.906,35;4.904,00;4.960,13;4.877,55;;0,0029
20.10.2022;4.892,25;4.840,00;4.923,63;4.836,38;;0,012
19.10.2022;4.834,13;4.762,10;4.859,79;4.759,71;;0,0164
18.10.2022;4.756,23;4.735,00;4.791,02;4.682,00;;0,0057
17.10.2022;4.729,13;4.698,00;4.735,94;4.693,23;;0,0079
14.10.2022;4.692,13;4.575,71;4.702,00;4.548,25;;0,0268
13.10.2022;4.569,83;4.607,90;4.661,35;4.574,52;;-0,007
12.10.2022;4.602,03;4.607,25;4.628,06;4.597,65;;0,0001
11.10.2022;4.601,38;4.606,02;4.636,76;4.583,79;;0,0003
10.10.2022;4.600,15;4.620,00;4.620,00;4.602,57;;-0,003
07.10.2022;4.614,13;4.613,50;4.637,31;4.575,87;;0,0014
06.10.2022;4.607,63;4.581,90;4.659,89;4.573,33;;0,0069
05.10.2022;4.576,03;4.496,50;4.584,94;4.491,50;;0,019
04.10.2022;4.490,63;4.530,02;4.534,88;4.462,04;;-0,0074
03.10.2022;4.524,14;4.610,00;4.610,46;4.511,69;;-0,0174
30.09.2022;4.604,13;4.528,69;4.616,25;4.524,04;;0,018
29.09.2022;4.522,82;4.490,00;4.548,50;4.486,52;;0,0086
28.09.2022;4.484,13;4.554,00;4.556,60;4.462,02;;-0,0141
27.09.2022;4.548,13;4.541,60;4.575,19;4.516,56;;0,0027
26.09.2022;4.535,73;4.438,50;4.550,69;4.436,73;;0,0233
23.09.2022;4.432,63;4.365,10;4.463,19;4.365,10;;0,0167
22.09.2022;4.359,81;4.408,00;4.408,22;4.364,53;;-0,0097
21.09.2022;4.402,71;4.426,25;4.428,79;4.393,65;;-0,0041
20.09.2022;4.420,96;4.407,00;4.435,40;4.399,00;;0,0044
19.09.2022;4.401,71;4.435,20;4.452,35;4.392,60;;-0,0064
16.09.2022;4.429,91;4.418,09;4.449,40;4.412,73;;0,0039
15.09.2022;4.412,80;4.392,50;4.425,10;4.385,01;;0,0062
14.09.2022;4.385,45;4.412,50;4.428,55;4.366,35;;-0,0045
13.09.2022;4.405,45;4.361,25;4.431,52;4.359,08;;0,0118
12.09.2022;4.354,20;4.353,00;4.370,10;4.322,23;;0,0019
09.09.2022;4.345,95;4.397,75;4.424,15;4.346,85;;-0,0102
08.09.2022;4.390,70;4.400,30;4.427,80;4.363,54;;-0,0006
07.09.2022;4.393,25;4.481,00;4.511,50;4.395,63;;-0,018
06.09.2022;4.473,95;4.465,00;4.504,90;4.450,00;;0,0036
05.09.2022;4.457,95;4.486,50;4.487,27;4.465,00;;-0,0048
02.09.2022;4.479,45;4.488,00;4.508,65;4.429,87;;-0,0003
01.09.2022;4.480,95;4.429,00;4.491,63;4.426,06;;0,0131
31.08.2022;4.423,00;4.422,50;4.447,00;4.401,58;;0,0017
30.08.2022;4.415,45;4.367,00;4.429,33;4.349,90;;0,0127
29.08.2022;4.359,95;4.401,11;4.416,48;4.363,67;;-0,0078
26.08.2022;4.394,06;4.395,40;4.417,27;4.355,10;;0,0013
25.08.2022;4.388,35;4.411,00;4.444,40;4.387,85;;-0,0035
24.08.2022;4.403,95;4.358,00;4.416,00;4.344,45;;0,0122
23.08.2022;4.350,95;4.399,98;4.409,90;4.355,02;;-0,0096
22.08.2022;4.392,93;4.377,00;4.414,90;4.372,17;;0,0053
19.08.2022;4.369,95;4.390,00;4.431,15;4.366,35;;-0,0031
18.08.2022;4.383,54;4.344,55;4.447,00;4.342,38;;0,0105
17.08.2022;4.338,09;4.255,00;4.349,60;4.247,59;;0,0211
16.08.2022;4.248,54;4.163,00;4.256,00;4.155,00;;0,022
15.08.2022;4.157,13;4.162,00;4.170,00;4.155,52;;0,0002
12.08.2022;4.156,13;4.231,00;4.232,22;4.154,44;;-0,0163
11.08.2022;4.225,13;4.274,00;4.275,65;4.214,44;;-0,0101
10.08.2022;4.268,13;4.350,00;4.351,63;4.256,87;;-0,0175
09.08.2022;4.344,13;4.316,36;4.353,25;4.274,13;;0,0086
08.08.2022;4.306,96;4.345,10;4.349,80;4.291,80;;-0,0066
05.08.2022;4.335,70;4.295,00;4.360,00;4.295,00;;0,0117
04.08.2022;4.285,60;4.305,60;4.322,06;4.245,20;;-0,0025
03.08.2022;4.296,20;4.324,00;4.357,00;4.304,10;;-0,0043
02.08.2022;4.314,60;4.277,50;4.328,50;4.277,50;;0,0109
01.08.2022;4.268,10;4.287,00;4.296,63;4.217,81;;-0,0022
29.07.2022;4.277,60;4.371,00;4.377,35;4.238,50;;-0,0193
28.07.2022;4.361,60;4.425,00;4.427,01;4.349,80;;-0,0122
27.07.2022;4.415,60;4.444,00;4.445,17;4.404,10;;-0,004
26.07.2022;4.433,29;4.467,80;4.471,50;4.412,93;;-0,0051
25.07.2022;4.456,05;4.465,00;4.484,75;4.426,13;;0,0006
22.07.2022;4.453,25;4.426,55;4.470,83;4.407,34;;0,0087
21.07.2022;4.414,80;4.356,00;4.437,06;4.344,00;;0,0162
20.07.2022;4.344,25;4.322,60;4.356,00;4.316,10;;0,0072
19.07.2022;4.313,20;4.305,65;4.346,50;4.280,00;;0,0039
18.07.2022;4.296,25;4.359,00;4.363,15;4.292,42;;-0,0123
15.07.2022;4.349,60;4.492,00;4.499,15;4.348,83;;-0,0297
14.07.2022;4.482,60;4.490,00;4.582,25;4.482,24;;-0,0007
13.07.2022;4.485,65;4.625,00;4.660,00;4.480,00;;-0,0295
12.07.2022;4.622,05;4.578,88;4.665,21;4.573,50;;0,0115
11.07.2022;4.569,48;4.420,50;4.579,24;4.413,77;;0,0359
08.07.2022;4.411,10;4.395,00;4.429,15;4.351,00;;0,0058
07.07.2022;4.385,60;4.353,50;4.400,13;4.321,52;;0,0096
06.07.2022;4.344,10;4.280,00;4.398,20;4.277,87;;0,0172
05.07.2022;4.270,60;4.205,05;4.282,45;4.205,05;;0,0179
04.07.2022;4.195,65;4.205,05;4.205,05;4.198,39;;0
01.07.2022;4.195,65;4.151,37;4.212,94;4.151,37;;0,013
30.06.2022;4.141,97;4.117,00;4.179,80;4.115,65;;0,0084
29.06.2022;4.107,60;4.096,00;4.151,25;4.080,01;;0,0051
28.06.2022;4.086,60;4.133,00;4.140,50;4.062,00;;-0,009
27.06.2022;4.123,60;4.140,50;4.144,85;4.125,00;;-0,0018
24.06.2022;4.131,10;4.102,00;4.156,70;4.082,56;;0,0085
23.06.2022;4.096,13;4.020,75;4.118,40;4.016,69;;0,0202
22.06.2022;4.014,88;4.022,50;4.043,44;4.010,56;;0,001
21.06.2022;4.010,75;3.904,99;4.035,43;3.902,01;;0,0289
20.06.2022;3.897,94;3.904,99;3.904,99;3.904,99;;0
17.06.2022;3.897,94;3.898,00;3.921,00;3.889,00;1,55K;0,0018
16.06.2022;3.890,95;3.897,60;3.943,70;3.890,77;1,46K;0,0019
15.06.2022;3.883,50;3.968,90;3.980,40;3.889,15;1,39K;-0,0192
14.06.2022;3.959,50;3.971,00;4.001,75;3.948,60;1,79K;-0,0005
13.06.2022;3.961,60;3.944,40;4.041,90;3.936,12;1,72K;0,0068
10.06.2022;3.935,00;3.851,90;3.945,45;3.851,90;1,84K;0,0251
09.06.2022;3.838,66;3.805,00;3.865,90;3.801,00;1,26K;0,0113
08.06.2022;3.795,60;3.787,00;3.808,15;3.762,00;1,31K;0,0048
07.06.2022;3.777,60;3.793,00;3.822,00;3.763,05;1,49K;-0,0016
06.06.2022;3.783,60;3.775,50;3.816,95;3.773,00;2,10K;0,0046
03.06.2022;3.766,10;3.774,00;3.786,41;3.754,70;2,02K;0,0004
02.06.2022;3.764,60;3.802,00;3.806,16;3.769,05;1,54K;-0,0074
01.06.2022;3.792,60;3.770,00;3.811,10;3.760,00;2,35K;0,0085
31.05.2022;3.760,60;3.800,00;3.814,90;3.763,45;;-0,0085
30.05.2022;3.792,95;3.933,50;3.933,50;3.795,00;;-0,034
27.05.2022;3.926,45;3.922,00;3.947,50;3.892,10;;0,0029
26.05.2022;3.914,95;3.937,60;3.945,00;3.918,10;;-0,004
25.05.2022;3.930,55;3.976,33;3.996,50;3.934,05;;-0,0098
24.05.2022;3.969,28;3.980,00;3.980,48;3.956,80;;-0,0009
23.05.2022;3.972,95;3.972,00;3.980,00;3.925,00;;0,002
20.05.2022;3.964,95;4.054,72;4.055,20;3.959,00;;-0,0204
19.05.2022;4.047,67;4.072,96;4.072,96;4.037,00;;-0,0045
18.05.2022;4.065,91;4.030,50;4.074,75;4.018,63;;0,0106
17.05.2022;4.023,45;4.055,00;4.057,49;4.013,00;;-0,0061
16.05.2022;4.047,95;4.110,50;4.115,06;4.045,50;;-0,0135
13.05.2022;4.103,45;4.109,98;4.121,00;4.094,16;;0,0001
12.05.2022;4.102,93;4.083,75;4.133,00;4.076,29;;0,0064
11.05.2022;4.076,70;4.078,00;4.105,00;4.065,55;;0,0014
10.05.2022;4.070,95;4.091,00;4.103,50;4.062,00;;-0,0032
09.05.2022;4.083,95;4.057,75;4.101,00;4.049,00;;0,0082
06.05.2022;4.050,70;4.088,25;4.091,59;4.029,48;;-0,0075
05.05.2022;4.081,20;4.068,25;4.106,65;4.055,00;;0,0049
04.05.2022;4.061,20;4.030,00;4.078,90;4.020,00;;0,0095
03.05.2022;4.022,95;4.009,98;4.031,00;3.984,50;;0,005
02.05.2022;4.002,93;3.958,00;4.017,00;3.955,02;;0,0132
29.04.2022;3.950,95;3.984,95;3.987,93;3.951,35;;-0,0068
28.04.2022;3.977,90;3.955,00;3.999,75;3.954,79;;0,0076
27.04.2022;3.947,95;3.944,70;3.986,95;3.942,73;;0,0026
26.04.2022;3.937,65;3.936,50;3.965,10;3.933,03;;0,0021
25.04.2022;3.929,45;3.856,00;3.959,67;3.852,08;;0,0201
22.04.2022;3.852,01;3.774,00;3.859,00;3.772,12;;0,0218
21.04.2022;3.770,01;3.759,41;3.777,00;3.747,00;;0,0039
20.04.2022;3.755,41;3.749,50;3.769,16;3.743,50;;0,0026
19.04.2022;3.745,50;3.732,50;3.768,00;3.732,50;;0,0046
18.04.2022;3.728,51;3.723,00;3.744,00;3.716,71;;0,0026
15.04.2022;3.719,01;3.743,00;3.744,00;3.723,00;;-0,0044
14.04.2022;3.735,27;3.723,00;3.747,00;3.720,73;;0,0044
13.04.2022;3.719,01;3.753,33;3.762,00;3.718,25;;-0,0078
12.04.2022;3.748,15;3.739,00;3.768,00;3.710,01;;0,0038
11.04.2022;3.733,82;3.757,00;3.762,00;3.732,01;;-0,0048
08.04.2022;3.751,82;3.769,46;3.798,00;3.749,00;;-0,0033
07.04.2022;3.764,27;3.752,00;3.780,00;3.740,00;;0,0047
06.04.2022;3.746,82;3.740,96;3.762,00;3.725,00;;0,003
05.04.2022;3.735,77;3.704,50;3.749,91;3.693,00;1,20K;0,0099
04.04.2022;3.699,32;3.749,05;3.754,40;3.690,00;1,08K;-0,0119
01.04.2022;3.743,87;3.773,00;3.797,96;3.749,05;1,40K;-0,0064
31.03.2022;3.767,82;3.753,71;3.773,00;3.746,46;1,25K;0,0051
30.03.2022;3.748,52;3.755,16;3.766,96;3.737,53;2,02K;-0,0007
29.03.2022;3.751,16;3.785,21;3.786,65;3.755,16;1,44K;-0,0079
28.03.2022;3.781,21;3.794,66;3.808,00;3.775,00;1,43K;-0,0025
25.03.2022;3.790,66;3.787,00;3.800,00;3.760,21;1,17K;0,002
24.03.2022;3.783,01;3.783,50;3.817,00;3.775,00;1,29K;0,0009
23.03.2022;3.779,51;3.760,51;3.792,00;3.732,00;1,34K;0,0061
22.03.2022;3.756,52;3.800,00;3.818,75;3.751,50;1,41K;-0,0104
21.03.2022;3.796,01;3.818,75;3.820,82;3.800,00;0,41K;-0,0049
18.03.2022;3.814,76;3.825,00;3.838,01;3.805,05;0,95K;-0,0016
17.03.2022;3.821,01;3.835,00;3.841,49;3.805,16;1,58K;-0,0026
16.03.2022;3.831,01;3.829,00;3.840,00;3.811,41;1,27K;0,0016
15.03.2022;3.825,01;3.797,60;3.853,96;3.787,25;2,42K;0,0083
14.03.2022;3.793,61;3.820,00;3.830,00;3.771,00;2,59K;-0,0059
11.03.2022;3.816,01;3.822,00;3.847,75;3.805,43;1,96K;-0,0005
10.03.2022;3.818,01;3.743,00;3.838,00;3.743,00;2,49K;0,0211
09.03.2022;3.739,01;3.771,05;3.771,05;3.727,80;1,59K;-0,0074
08.03.2022;3.767,06;3.813,00;3.815,00;3.767,95;1,65K;-0,011
07.03.2022;3.809,01;3.830,00;3.830,00;3.798,50;1,31K;-0,0044
04.03.2022;3.826,01;3.759,45;3.830,20;3.757,56;2,20K;0,0188
03.03.2022;3.755,45;3.838,00;3.838,00;3.745,60;1,67K;-0,0205
02.03.2022;3.834,01;3.883,00;3.890,70;3.834,59;1,68K;-0,0116
01.03.2022;3.879,01;3.937,00;3.947,00;3.880,55;1,43K;-0,0137
28.02.2022;3.933,01;3.913,54;3.943,00;3.894,21;1,72K;0,006
25.02.2022;3.909,55;3.927,00;3.927,20;3.900,00;1,45K;-0,0034
24.02.2022;3.923,01;3.913,00;3.979,00;3.911,76;1,89K;0,0036
23.02.2022;3.909,01;3.930,00;3.930,20;3.904,00;1,35K;-0,0043
22.02.2022;3.926,01;3.935,00;3.940,00;3.925,00;1,09K;-0,0013
21.02.2022;3.931,01;3.932,00;3.939,00;3.932,00;0,58K;0,0008
18.02.2022;3.928,01;3.933,75;3.940,48;3.919,30;1,13K;-0,0006
17.02.2022;3.930,35;3.964,41;3.971,56;3.925,30;1,62K;-0,0076
16.02.2022;3.960,41;3.950,99;3.970,75;3.950,99;1,25K;0,0032
15.02.2022;3.947,59;3.944,88;3.956,30;3.933,20;1,34K;0,0016
14.02.2022;3.941,48;3.928,99;3.947,58;3.914,03;1,44K;0,0051
11.02.2022;3.921,42;3.924,00;3.933,41;3.898,00;1,13K;0,0013
10.02.2022;3.916,44;3.937,73;3.939,00;3.900,72;1,85K;-0,0035
09.02.2022;3.930,16;3.948,00;3.957,41;3.927,22;1,30K;-0,0029
08.02.2022;3.941,63;3.965,60;3.983,00;3.937,61;1,23K;-0,0044
07.02.2022;3.959,23;3.952,55;3.974,71;3.943,33;1,19K;0,0033
04.02.2022;3.946,18;3.956,44;3.975,00;3.946,16;1,62K;-0,001
03.02.2022;3.950,06;3.935,01;3.960,00;3.925,62;1,76K;0,0055
02.02.2022;3.928,64;3.925,50;3.940,00;3.910,00;1,64K;0,0024
01.02.2022;3.919,13;3.947,78;3.947,78;3.913,84;1,49K;-0,0057
31.01.2022;3.941,41;3.958,00;3.970,00;3.932,81;0,95K;-0,0026
28.01.2022;3.951,63;3.963,00;3.995,00;3.952,21;1,38K;-0,0013
27.01.2022;3.956,63;3.930,00;3.971,50;3.924,00;1,88K;0,0083
26.01.2022;3.924,22;3.968,15;3.975,01;3.925,61;1,80K;-0,0099
25.01.2022;3.963,56;3.976,50;4.004,00;3.962,50;1,59K;-0,0021
24.01.2022;3.971,91;3.956,44;3.980,60;3.954,46;0,81K;0,0049
21.01.2022;3.952,44;3.975,00;3.988,00;3.951,60;1,49K;-0,0047
20.01.2022;3.971,01;3.994,35;3.994,35;3.966,50;1,12K;-0,0048
19.01.2022;3.990,36;4.037,20;4.037,20;3.990,00;1,09K;-0,0106
18.01.2022;4.033,20;4.007,25;4.041,75;4.004,51;1,38K;0,0075
17.01.2022;4.003,26;4.007,25;4.007,25;4.007,25;;0
14.01.2022;4.003,26;3.967,41;4.017,50;3.954,00;1,00K;0,0101
13.01.2022;3.963,41;3.974,50;3.987,17;3.941,46;0,61K;-0,0018
12.01.2022;3.970,51;3.991,91;3.996,00;3.961,67;1,04K;-0,0044
11.01.2022;3.987,91;4.051,05;4.051,05;3.991,27;0,88K;-0,0146
10.01.2022;4.047,06;4.051,05;4.052,64;4.046,00;0,51K;0
07.01.2022;4.047,06;4.034,50;4.059,98;4.024,00;1,03K;0,0041
06.01.2022;4.030,51;4.025,50;4.065,00;4.023,88;0,82K;0,0021
05.01.2022;4.022,10;4.080,20;4.081,09;4.014,00;0,76K;-0,0134
04.01.2022;4.076,80;4.070,00;4.091,50;4.067,97;0,66K;0,0025
03.01.2022;4.066,60;4.070,00;4.105,50;4.036,00;0,62K;0,0003
31.12.2021;4.065,41;4.070,00;4.075,74;4.064,17;0,42K;0
30.12.2021;4.065,41;4.039,05;4.054,98;4.004,25;0,65K;0,0077
29.12.2021;4.034,46;4.009,00;4.040,00;4.005,00;0,66K;0,0072
28.12.2021;4.005,60;4.000,00;4.011,75;3.994,50;0,62K;0,0023
27.12.2021;3.996,60;3.991,00;4.000,00;3.980,00;0,85K;0,0023
24.12.2021;3.987,60;4.000,00;4.005,50;3.987,50;0,55K;-0,0023
23.12.2021;3.996,60;3.999,99;4.002,98;3.991,40;0,71K;0
22.12.2021;3.996,59;4.001,90;4.002,90;3.989,80;0,80K;-0,0005
21.12.2021;3.998,50;4.006,50;4.007,01;3.988,80;0,81K;-0,0011
20.12.2021;4.003,10;3.974,32;4.011,64;3.972,64;0,75K;0,0081
17.12.2021;3.970,92;4.018,80;4.033,50;3.969,80;1,10K;-0,0111
16.12.2021;4.015,40;4.000,30;4.022,50;3.987,05;1,28K;0,0046
15.12.2021;3.996,90;4.006,00;4.008,00;3.975,01;1,19K;-0,0014
14.12.2021;4.002,60;3.890,75;4.006,20;3.890,75;1,03K;0,0296
13.12.2021;3.887,35;3.900,00;3.900,20;3.875,80;1,31K;-0,0024
10.12.2021;3.896,60;3.903,00;3.907,54;3.876,00;1,20K;-0,0008
09.12.2021;3.899,60;3.894,00;3.911,00;3.890,55;1,33K;0,0023
08.12.2021;3.890,60;3.910,98;3.915,75;3.894,00;0,51K;-0,0043
07.12.2021;3.907,58;3.932,50;3.935,25;3.892,05;1,99K;-0,0055
06.12.2021;3.929,10;3.966,20;3.972,14;3.929,08;1,67K;-0,0087
03.12.2021;3.963,40;3.937,00;3.973,64;3.924,00;1,20K;0,0074
02.12.2021;3.934,20;3.966,56;3.967,41;3.925,10;1,31K;-0,0075
01.12.2021;3.963,76;3.995,00;3.997,52;3.937,20;1,57K;-0,0071
30.11.2021;3.992,20;4.035,00;4.040,00;3.990,50;1,52K;-0,0092
29.11.2021;4.029,23;4.007,00;4.039,51;3.993,61;1,09K;0,007
26.11.2021;4.001,23;3.981,00;4.025,00;3.979,01;1,01K;0,0065
25.11.2021;3.975,23;3.974,50;3.981,00;3.963,85;0,58K;0,0016
24.11.2021;3.968,73;3.950,00;3.992,50;3.950,00;2,05K;0,0062
23.11.2021;3.944,23;3.925,75;3.957,00;3.923,79;2,01K;0,0062
22.11.2021;3.919,98;3.914,00;3.931,00;3.898,20;1,58K;0,003
19.11.2021;3.908,23;3.935,00;3.949,50;3.911,87;1,13K;-0,0047
18.11.2021;3.926,75;3.919,00;3.960,65;3.915,93;1,13K;0,0026
17.11.2021;3.916,53;3.895,00;3.936,00;3.892,80;1,51K;0,0062
16.11.2021;3.892,53;3.884,80;3.912,00;3.884,31;1,47K;0,0026
15.11.2021;3.882,33;3.882,80;3.885,14;3.882,67;0,46K;0,0005
12.11.2021;3.880,33;3.879,00;3.900,00;3.875,26;3,02K;0,001
11.11.2021;3.876,53;3.877,50;3.887,32;3.876,59;0,56K;0,0004
10.11.2021;3.875,03;3.866,99;3.884,00;3.862,00;1,34K;0,0027
09.11.2021;3.864,52;3.877,00;3.892,84;3.864,70;1,38K;-0,0026
08.11.2021;3.874,53;3.872,50;3.890,30;3.857,00;1,20K;0,0012
05.11.2021;3.870,03;3.872,00;3.898,90;3.863,70;1,42K;0,0001
04.11.2021;3.869,53;3.830,10;3.885,00;3.818,75;2,09K;0,0109
03.11.2021;3.827,63;3.799,00;3.852,95;3.793,57;2,26K;0,0082
02.11.2021;3.796,53;3.760,00;3.799,00;3.757,10;1,57K;0,0104
01.11.2021;3.757,53;3.760,00;3.767,62;3.757,03;0,54K;0
29.10.2021;3.757,53;3.779,50;3.798,30;3.760,00;1,55K;-0,0047
28.10.2021;3.775,23;3.760,00;3.778,56;3.749,00;0,95K;0,0047
27.10.2021;3.757,53;3.771,50;3.771,69;3.751,60;1,13K;-0,0024
26.10.2021;3.766,48;3.767,00;3.779,00;3.765,91;1,17K;0,0005
25.10.2021;3.764,53;3.768,00;3.775,14;3.757,00;1,39K;-0,0003
22.10.2021;3.765,53;3.781,00;3.789,00;3.766,47;1,25K;-0,0034
21.10.2021;3.778,53;3.768,09;3.788,00;3.765,43;1,37K;0,0034
20.10.2021;3.765,62;3.766,80;3.776,50;3.760,00;1,92K;0,0003
19.10.2021;3.764,33;3.769,00;3.772,00;3.750,50;1,43K;-0,0006
18.10.2021;3.766,53;3.763,67;3.774,00;3.758,00;0,51K;0,0014
15.10.2021;3.761,20;3.769,50;3.785,30;3.755,55;1,40K;-0,0015
14.10.2021;3.767,03;3.740,00;3.774,45;3.734,61;1,79K;0,0079
13.10.2021;3.737,53;3.721,50;3.745,00;3.713,50;1,34K;0,005
12.10.2021;3.719,03;3.753,00;3.773,32;3.716,68;2,08K;-0,0084
11.10.2021;3.750,53;3.767,35;3.767,35;3.753,00;0,62K;-0,0038
08.10.2021;3.764,88;3.774,50;3.775,56;3.757,98;1,31K;-0,0019
07.10.2021;3.772,03;3.788,00;3.788,00;3.761,63;1,67K;-0,0036
06.10.2021;3.785,53;3.783,50;3.804,50;3.777,10;1,22K;0,0012
05.10.2021;3.781,03;3.790,00;3.804,58;3.781,98;1,68K;-0,0017
04.10.2021;3.787,53;3.790,00;3.799,30;3.776,00;2,05K;0
01.10.2021;3.787,53;3.807,80;3.807,80;3.767,00;3,97K;-0,0047
30.09.2021;3.805,33;3.836,00;3.839,00;3.803,00;1,32K;-0,0074
29.09.2021;3.833,53;3.834,00;3.845,26;3.823,40;1,58K;0,0005
28.09.2021;3.831,53;3.843,25;3.850,41;3.830,10;1,53K;-0,0024
27.09.2021;3.840,78;3.834,57;3.847,12;3.832,67;1,17K;0,0023
24.09.2021;3.832,10;3.834,00;3.867,19;3.832,00;2,02K;0,0001
23.09.2021;3.831,53;3.833,00;3.841,70;3.827,64;1,41K;0,0003
22.09.2021;3.830,53;3.837,25;3.841,74;3.822,50;1,54K;-0,0011
21.09.2021;3.834,78;3.844,00;3.849,70;3.835,00;1,21K;-0,0018
20.09.2021;3.841,53;3.827,50;3.862,00;3.824,68;1,46K;0,0043
17.09.2021;3.825,03;3.817,17;3.839,30;3.811,76;1,34K;0,0027
16.09.2021;3.814,70;3.815,00;3.829,32;3.803,46;1,20K;0,0006
15.09.2021;3.812,53;3.830,49;3.837,09;3.807,19;0,96K;-0,004
14.09.2021;3.828,02;3.830,60;3.837,73;3.816,83;1,05K;0
13.09.2021;3.828,13;3.835,00;3.843,48;3.822,59;0,98K;-0,0011
10.09.2021;3.832,53;3.843,70;3.846,42;3.825,93;1,21K;-0,0023
09.09.2021;3.841,23;3.816,55;3.844,08;3.811,35;0,91K;0,0071
08.09.2021;3.814,08;3.800,00;3.824,59;3.798,20;0,97K;0,0044
07.09.2021;3.797,53;3.800,00;3.820,98;3.795,51;1,20K;0
06.09.2021;3.797,53;3.800,00;3.800,00;3.800,00;;0
03.09.2021;3.797,53;3.795,00;3.809,33;3.773,00;1,19K;0,0013
02.09.2021;3.792,53;3.760,00;3.801,97;3.755,54;1,10K;0,0093
01.09.2021;3.757,53;3.769,15;3.777,64;3.738,90;1,39K;-0,0024
31.08.2021;3.766,68;3.816,75;3.819,88;3.761,50;1,37K;-0,0121
30.08.2021;3.812,65;3.829,01;3.836,58;3.796,95;1,07K;-0,0032
27.08.2021;3.824,91;3.867,75;3.867,75;3.822,23;0,98K;-0,0106
26.08.2021;3.865,75;3.865,50;3.880,00;3.861,45;1,26K;0,0006
25.08.2021;3.863,50;3.867,00;3.877,26;3.853,16;1,26K;-0,0004
24.08.2021;3.865,00;3.881,95;3.881,95;3.849,60;1,50K;-0,0039
23.08.2021;3.879,95;3.872,00;3.882,84;3.847,00;1,18K;0,0026
20.08.2021;3.870,00;3.870,40;3.889,00;3.863,65;1,36K;0,0009
19.08.2021;3.866,40;3.851,50;3.892,00;3.848,28;1,24K;0,0049
18.08.2021;3.847,50;3.880,00;3.886,65;3.847,23;1,20K;-0,0074
17.08.2021;3.876,00;3.842,20;3.885,00;3.840,75;0,88K;0,0098
16.08.2021;3.838,20;3.842,20;3.854,45;3.838,88;0,49K;0
13.08.2021;3.838,20;3.859,00;3.859,00;3.813,50;0,99K;-0,0044
12.08.2021;3.855,00;3.942,20;3.953,93;3.848,01;1,28K;-0,0211
11.08.2021;3.938,20;3.968,00;3.971,94;3.940,80;3,90K;-0,0065
10.08.2021;3.964,00;3.997,35;4.009,14;3.960,05;1,24K;-0,0073
09.08.2021;3.993,35;3.967,10;4.002,41;3.956,64;0,95K;0,0076
06.08.2021;3.963,10;3.918,00;3.976,07;3.907,32;1,51K;0,0125
05.08.2021;3.914,00;3.903,00;3.923,12;3.895,00;1,52K;0,0038
04.08.2021;3.899,00;3.909,75;3.924,78;3.888,30;1,35K;-0,0017
03.08.2021;3.905,75;3.891,50;3.926,09;3.886,00;3,85K;0,0047
02.08.2021;3.887,50;3.878,00;3.895,78;3.835,27;4,42K;0,0035
30.07.2021;3.874,00;3.847,60;3.886,14;3.841,65;3,70K;0,0079
29.07.2021;3.843,60;3.873,50;3.877,42;3.826,95;4,06K;-0,0062
28.07.2021;3.867,50;3.932,00;3.936,90;3.873,00;3,24K;-0,0154
27.07.2021;3.928,00;3.913,50;3.939,70;3.897,00;1,09K;0,0047
26.07.2021;3.909,50;3.889,00;3.917,81;3.889,00;4,45K;0,0063
23.07.2021;3.885,00;3.870,20;3.890,00;3.857,18;3,17K;0,0049
22.07.2021;3.866,20;3.855,00;3.879,34;3.847,43;5,54K;0,0039
21.07.2021;3.851,00;3.835,50;3.872,05;3.835,50;4,36K;0,0051
20.07.2021;3.831,50;3.835,50;3.848,58;3.833,77;2,96K;0
19.07.2021;3.831,50;3.817,60;3.858,35;3.817,60;2,97K;0,0047
16.07.2021;3.813,60;3.816,02;3.821,33;3.797,94;3,26K;0,0004
15.07.2021;3.812,02;3.794,02;3.820,02;3.793,26;4,97K;0,0058
14.07.2021;3.790,02;3.823,20;3.823,20;3.786,90;5,46K;-0,0076
13.07.2021;3.819,20;3.822,10;3.836,95;3.812,90;0,88K;0,0003
12.07.2021;3.818,10;3.831,00;3.840,50;3.814,50;4,44K;-0,0023
09.07.2021;3.827,00;3.841,00;3.846,72;3.812,05;0,81K;-0,0026
08.07.2021;3.837,00;3.832,00;3.864,50;3.830,88;4,42K;0,0024
07.07.2021;3.828,00;3.779,50;3.834,72;3.773,48;3,36K;0,0139
06.07.2021;3.775,50;3.742,00;3.800,00;3.739,89;1,06K;0,0098
05.07.2021;3.739,00;3.742,00;3.742,00;3.742,00;;0
02.07.2021;3.739,00;3.778,00;3.799,00;3.742,00;0,50K;-0,0098
01.07.2021;3.776,00;3.750,00;3.793,00;3.725,80;4,17K;0,0077
30.06.2021;3.747,00;3.767,50;3.774,80;3.728,80;4,72K;-0,0046
29.06.2021;3.764,50;3.703,00;3.777,00;3.703,00;4,40K;0,0174
28.06.2021;3.700,00;3.745,15;3.754,08;3.702,80;6,15K;-0,0113
25.06.2021;3.742,15;3.766,25;3.774,00;3.724,23;3,53K;-0,0056
24.06.2021;3.763,25;3.784,05;3.784,05;3.753,50;4,47K;-0,0047
23.06.2021;3.781,05;3.782,10;3.789,99;3.749,35;1,16K;0,0005
22.06.2021;3.779,10;3.760,05;3.798,00;3.759,10;1,04K;0,0059
21.06.2021;3.757,05;3.769,00;3.769,00;3.740,00;0,87K;-0,0024
18.06.2021;3.766,00;3.729,00;3.769,50;3.724,69;4,53K;0,0107
17.06.2021;3.726,00;3.674,00;3.739,00;3.674,00;1,19K;0,0148
16.06.2021;3.671,75;3.698,00;3.705,22;3.674,00;3,43K;-0,0065
15.06.2021;3.695,75;3.654,50;3.705,95;3.654,50;0,67K;0,0119
14.06.2021;3.652,25;3.654,50;3.660,00;3.644,09;2,46K;0
11.06.2021;3.652,25;3.606,00;3.657,50;3.591,90;3,91K;0,0135
10.06.2021;3.603,75;3.588,93;3.609,00;3.578,50;4,03K;0,0047
09.06.2021;3.586,93;3.594,60;3.599,28;3.573,00;4,49K;-0,0015
08.06.2021;3.592,35;3.607,50;3.613,19;3.584,26;4,76K;-0,0036
07.06.2021;3.605,25;3.607,50;3.615,11;3.600,74;2,81K;0
04.06.2021;3.605,25;3.661,00;3.661,36;3.593,60;5,76K;-0,0146
03.06.2021;3.658,75;3.653,50;3.673,00;3.642,00;5,60K;0,0021
02.06.2021;3.651,25;3.666,30;3.666,30;3.624,95;4,60K;-0,0035
01.06.2021;3.664,05;3.708,00;3.708,00;3.662,30;4,80K;-0,0113
31.05.2021;3.705,75;3.708,00;3.709,61;3.705,38;0,42K;0
28.05.2021;3.705,75;3.721,71;3.733,75;3.703,19;3,74K;-0,0037
27.05.2021;3.719,46;3.743,00;3.747,20;3.721,71;4,51K;-0,0057
26.05.2021;3.740,75;3.739,50;3.760,00;3.733,47;4,84K;0,0009
25.05.2021;3.737,25;3.734,50;3.747,00;3.720,91;4,27K;0,0013
24.05.2021;3.732,25;3.747,00;3.768,80;3.732,00;4,50K;-0,0033
21.05.2021;3.744,75;3.718,80;3.753,70;3.708,00;3,40K;0,008
20.05.2021;3.715,05;3.684,95;3.748,00;3.681,26;5,25K;0,0086
19.05.2021;3.683,45;3.660,00;3.695,00;3.656,34;5,11K;0,0087
18.05.2021;3.651,56;3.685,50;3.686,09;3.643,35;5,62K;-0,0085
17.05.2021;3.682,88;3.685,50;3.689,25;3.679,49;3,11K;0
14.05.2021;3.682,88;3.721,10;3.725,64;3.668,00;4,97K;-0,0096
13.05.2021;3.718,48;3.750,50;3.753,75;3.711,50;2,46K;-0,0078
12.05.2021;3.747,88;3.712,00;3.753,00;3.704,93;5,39K;0,0104
11.05.2021;3.709,38;3.706,80;3.728,80;3.684,00;4,39K;0,0014
10.05.2021;3.704,18;3.750,00;3.756,57;3.703,64;4,79K;-0,0115
07.05.2021;3.747,38;3.804,00;3.805,07;3.749,73;5,33K;-0,0142
06.05.2021;3.801,38;3.851,00;3.860,17;3.776,89;5,02K;-0,0122
05.05.2021;3.848,38;3.829,50;3.866,75;3.812,50;5,29K;0,0059
04.05.2021;3.825,75;3.804,95;3.846,00;3.800,56;5,26K;0,0062
03.05.2021;3.802,00;3.753,30;3.834,00;3.745,10;4,06K;0,0135
30.04.2021;3.751,43;3.715,10;3.759,05;3.709,59;4,42K;0,0103
29.04.2021;3.713,23;3.696,00;3.728,13;3.689,16;4,45K;0,0052
28.04.2021;3.694,13;3.718,25;3.723,57;3.691,35;5,21K;-0,0059
27.04.2021;3.716,00;3.695,00;3.738,10;3.679,27;4,68K;0,0062
26.04.2021;3.693,13;3.628,50;3.696,00;3.626,49;5,26K;0,0182
23.04.2021;3.627,00;3.635,35;3.651,60;3.624,00;4,65K;-0,0019
22.04.2021;3.633,85;3.614,00;3.643,60;3.597,00;5,26K;0,0059
21.04.2021;3.612,50;3.643,00;3.653,90;3.612,00;4,15K;-0,008
20.04.2021;3.641,50;3.627,00;3.645,40;3.620,61;3,74K;0,0044
19.04.2021;3.625,50;3.603,00;3.630,80;3.593,21;3,80K;0,0066
16.04.2021;3.601,88;3.612,00;3.622,17;3.587,55;4,45K;-0,0024
15.04.2021;3.610,50;3.656,80;3.656,80;3.604,70;4,04K;-0,0123
14.04.2021;3.655,30;3.668,50;3.682,79;3.652,30;5,32K;-0,0032
13.04.2021;3.667,00;3.665,00;3.676,70;3.656,50;4,58K;0,001
12.04.2021;3.663,50;3.659,50;3.666,50;3.638,02;4,24K;0,0015
09.04.2021;3.658,00;3.629,05;3.662,50;3.629,05;4,64K;0,0084
08.04.2021;3.627,55;3.654,59;3.656,89;3.626,03;4,85K;-0,007
07.04.2021;3.653,09;3.636,50;3.662,50;3.616,70;5,57K;0,0049
06.04.2021;3.635,25;3.674,00;3.674,13;3.632,00;3,84K;-0,0102
05.04.2021;3.672,75;3.661,70;3.676,08;3.631,29;4,39K;0,0051
02.04.2021;3.654,20;3.661,70;3.662,06;3.653,71;0,31K;0
01.04.2021;3.654,20;3.661,70;3.665,35;3.652,63;0,45K;-0,0013
31.03.2021;3.658,95;3.730,00;3.730,38;3.659,50;0,94K;-0,0183
30.03.2021;3.727,25;3.718,99;3.755,00;3.713,65;1,07K;0,003
29.03.2021;3.716,24;3.689,89;3.719,50;3.689,89;0,99K;0,0079
26.03.2021;3.687,14;3.668,00;3.690,60;3.640,00;4,88K;0,006
25.03.2021;3.665,25;3.649,40;3.669,49;3.645,10;5,32K;0,0051
24.03.2021;3.646,65;3.619,50;3.650,50;3.608,49;5,29K;0,0083
23.03.2021;3.616,75;3.559,40;3.620,40;3.553,94;5,63K;0,0167
22.03.2021;3.557,40;3.558,90;3.570,00;3.554,65;0,92K;0,0001
19.03.2021;3.556,90;3.547,10;3.568,30;3.538,03;4,90K;0,0033
18.03.2021;3.545,10;3.571,00;3.595,00;3.538,55;5,88K;-0,0068
17.03.2021;3.569,25;3.559,50;3.583,51;3.557,98;4,80K;0,0032
16.03.2021;3.557,75;3.559,00;3.567,77;3.540,26;5,40K;0,0011
15.03.2021;3.554,00;3.576,00;3.591,25;3.556,14;4,52K;-0,0055
12.03.2021;3.573,50;3.556,00;3.589,88;3.548,57;5,53K;0,0056
11.03.2021;3.553,50;3.552,75;3.557,06;3.515,68;6,41K;0,0007
10.03.2021;3.551,00;3.592,50;3.594,26;3.545,38;5,65K;-0,0111
09.03.2021;3.590,75;3.604,70;3.611,93;3.587,20;5,53K;-0,0034
08.03.2021;3.602,95;3.635,15;3.661,85;3.600,88;5,56K;-0,0084
05.03.2021;3.633,40;3.644,90;3.671,56;3.614,50;6,27K;-0,0027
04.03.2021;3.643,15;3.681,09;3.681,72;3.621,50;5,94K;-0,0098
03.03.2021;3.679,34;3.656,50;3.682,06;3.651,59;6,15K;0,0068
02.03.2021;3.654,50;3.619,50;3.662,38;3.616,96;5,64K;0,0101
01.03.2021;3.618,00;3.647,00;3.648,02;3.602,50;5,68K;-0,0073
26.02.2021;3.644,50;3.610,45;3.651,95;3.603,40;5,12K;0,0101
25.02.2021;3.607,95;3.565,00;3.612,03;3.564,00;4,84K;0,0128
24.02.2021;3.562,50;3.594,50;3.594,50;3.562,00;5,18K;-0,0082
23.02.2021;3.592,00;3.593,50;3.598,74;3.582,03;4,89K;0,0003
22.02.2021;3.591,00;3.571,80;3.624,50;3.566,40;5,23K;0,0061
19.02.2021;3.569,30;3.547,33;3.579,00;3.532,00;6,31K;0,0069
18.02.2021;3.544,83;3.528,20;3.549,35;3.516,10;6,02K;0,0054
17.02.2021;3.525,70;3.523,50;3.566,85;3.517,48;4,81K;0,0015
16.02.2021;3.520,45;3.496,50;3.531,00;3.487,76;5,16K;0,009
15.02.2021;3.489,00;3.496,50;3.504,13;3.481,90;3,57K;-0,0016
12.02.2021;3.494,50;3.526,50;3.540,64;3.496,00;5,73K;-0,0085
11.02.2021;3.524,50;3.559,50;3.561,47;3.517,50;5,36K;-0,0093
10.02.2021;3.557,75;3.576,30;3.586,50;3.541,00;6,05K;-0,0047
09.02.2021;3.574,55;3.571,00;3.597,95;3.561,68;5,96K;0,0015
08.02.2021;3.569,25;3.555,50;3.575,50;3.538,77;4,89K;0,0044
05.02.2021;3.553,75;3.558,19;3.567,14;3.531,10;5,23K;-0,0008
04.02.2021;3.556,44;3.535,71;3.577,41;3.525,87;5,18K;0,0064
03.02.2021;3.533,83;3.529,21;3.545,27;3.510,00;4,86K;0,0018
02.02.2021;3.527,33;3.573,00;3.573,00;3.507,50;5,47K;-0,0123
01.02.2021;3.571,13;3.569,00;3.584,71;3.540,00;4,84K;0,001
29.01.2021;3.567,63;3.560,00;3.580,54;3.538,71;4,48K;0,0025
28.01.2021;3.558,63;3.606,00;3.633,23;3.554,83;4,32K;-0,0126
27.01.2021;3.604,13;3.613,50;3.665,91;3.605,68;5,37K;-0,0021
26.01.2021;3.611,63;3.588,00;3.614,70;3.560,05;5,09K;0,0072
25.01.2021;3.585,88;3.527,71;3.616,66;3.527,71;5,09K;0,0171
22.01.2021;3.525,58;3.481,78;3.537,05;3.477,48;4,42K;0,0132
21.01.2021;3.479,66;3.467,00;3.492,60;3.450,00;4,74K;0,0043
20.01.2021;3.464,88;3.491,66;3.496,00;3.463,49;3,77K;-0,0071
19.01.2021;3.489,53;3.478,00;3.508,69;3.451,05;4,73K;0,0039
18.01.2021;3.475,88;3.462,10;3.482,84;3.461,54;0,67K;0,0046
15.01.2021;3.459,98;3.446,44;3.480,30;3.446,44;4,60K;0,0045
14.01.2021;3.444,31;3.476,94;3.484,40;3.445,78;4,48K;-0,0087
13.01.2021;3.474,69;3.477,00;3.497,79;3.463,21;4,81K;0
12.01.2021;3.474,75;3.501,00;3.504,58;3.462,60;4,10K;-0,005
11.01.2021;3.492,25;3.468,90;3.525,82;3.464,77;3,65K;0,0075
08.01.2021;3.466,40;3.489,99;3.500,01;3.465,01;5,33K;-0,0059
07.01.2021;3.486,99;3.414,55;3.495,70;3.411,84;7,74K;0,0219
06.01.2021;3.412,30;3.444,00;3.444,63;3.409,75;8,39K;-0,0084
05.01.2021;3.441,25;3.449,50;3.470,02;3.429,73;7,60K;-0,0018
04.01.2021;3.447,50;3.422,00;3.453,62;3.379,71;7,36K;0,0097
01.01.2021;3.414,50;3.422,00;3.422,00;3.422,00;;0
31.12.2020;3.414,50;3.422,00;3.436,47;3.412,51;0,62K;-0,0015
30.12.2020;3.419,50;3.474,50;3.475,16;3.413,88;0,96K;-0,0151
29.12.2020;3.472,00;3.500,00;3.508,23;3.471,10;1,13K;-0,0069
28.12.2020;3.496,25;3.515,00;3.515,75;3.480,00;1,08K;-0,0047
25.12.2020;3.512,75;3.515,00;3.515,00;3.515,00;;0
24.12.2020;3.512,75;3.500,00;3.521,64;3.479,75;0,98K;0,0043
23.12.2020;3.497,75;3.465,00;3.502,45;3.455,00;1,24K;0,0101
22.12.2020;3.462,75;3.431,00;3.466,00;3.423,90;7,34K;0,0099
21.12.2020;3.428,75;3.419,50;3.474,80;3.419,50;1,06K;0,0034
18.12.2020;3.417,25;3.414,10;3.427,95;3.410,82;6,33K;0,0016
17.12.2020;3.411,85;3.420,61;3.421,70;3.399,80;5,91K;-0,0018
16.12.2020;3.418,11;3.419,70;3.423,92;3.404,93;6,65K;0,0003
15.12.2020;3.417,20;3.428,00;3.435,85;3.414,15;6,61K;-0,0024
14.12.2020;3.425,50;3.438,10;3.439,50;3.409,00;4,73K;-0,0029
11.12.2020;3.435,60;3.420,45;3.441,95;3.416,55;6,62K;0,0052
10.12.2020;3.417,95;3.476,50;3.483,00;3.418,50;8,58K;-0,0161
09.12.2020;3.474,00;3.490,50;3.496,18;3.453,70;6,81K;-0,0042
08.12.2020;3.488,50;3.490,00;3.501,03;3.480,53;4,00K;0,0001
07.12.2020;3.488,00;3.466,00;3.496,09;3.466,00;7,36K;0,0069
04.12.2020;3.464,00;3.468,50;3.478,00;3.451,00;8,08K;-0,0007
03.12.2020;3.466,50;3.522,02;3.526,48;3.468,50;8,84K;-0,0152
02.12.2020;3.520,02;3.548,50;3.564,38;3.521,70;9,55K;-0,0075
01.12.2020;3.546,50;3.596,25;3.597,58;3.540,60;7,73K;-0,0133
30.11.2020;3.594,25;3.606,90;3.613,24;3.580,39;9,02K;-0,003
27.11.2020;3.604,90;3.617,70;3.628,50;3.604,10;5,82K;-0,003
26.11.2020;3.615,70;3.617,70;3.628,63;3.608,03;8,59K;0
25.11.2020;3.615,70;3.636,00;3.647,00;3.611,34;7,51K;-0,005
24.11.2020;3.634,00;3.647,55;3.656,07;3.629,25;7,83K;-0,0032
23.11.2020;3.645,55;3.632,95;3.649,22;3.611,00;8,22K;0,004
20.11.2020;3.630,95;3.649,95;3.665,13;3.628,50;7,82K;-0,0047
19.11.2020;3.647,95;3.643,50;3.659,13;3.637,90;8,07K;0,0018
18.11.2020;3.641,50;3.644,50;3.659,51;3.623,69;7,27K;-0,0003
17.11.2020;3.642,50;3.644,40;3.652,90;3.617,65;8,24K;0,0019
16.11.2020;3.635,65;3.643,40;3.648,17;3.630,28;4,45K;-0,0014
13.11.2020;3.640,90;3.644,05;3.651,00;3.630,68;7,61K;-0,0002
12.11.2020;3.641,55;3.639,00;3.667,45;3.632,00;7,95K;0,0021
11.11.2020;3.634,00;3.631,50;3.646,47;3.623,81;0,73K;0,0017
10.11.2020;3.627,75;3.649,21;3.673,50;3.625,90;8,28K;-0,0053
09.11.2020;3.647,08;3.723,00;3.723,93;3.622,50;7,99K;-0,0198
06.11.2020;3.720,75;3.754,00;3.775,00;3.719,15;8,60K;-0,0083
05.11.2020;3.751,75;3.815,82;3.819,03;3.752,00;8,80K;-0,0162
04.11.2020;3.813,57;3.819,50;3.825,50;3.787,00;8,17K;-0,001
03.11.2020;3.817,50;3.869,35;3.872,23;3.811,00;6,76K;-0,0118
02.11.2020;3.863,10;3.870,35;3.882,79;3.860,03;6,23K;-0,0015
30.10.2020;3.868,85;3.861,25;3.873,50;3.846,97;6,97K;0,0024
29.10.2020;3.859,75;3.830,00;3.866,00;3.828,92;3,69K;0,0082
28.10.2020;3.828,50;3.809,60;3.854,90;3.805,70;7,53K;0,0055
27.10.2020;3.807,60;3.814,85;3.820,15;3.797,88;6,35K;-0,0014
26.10.2020;3.812,85;3.789,50;3.818,77;3.783,89;5,16K;0,0067
23.10.2020;3.787,50;3.784,00;3.793,49;3.770,00;5,84K;0,0015
22.10.2020;3.782,00;3.766,50;3.795,90;3.754,50;6,38K;0,0046
21.10.2020;3.764,50;3.825,00;3.829,00;3.763,95;7,10K;-0,0153
20.10.2020;3.823,00;3.844,75;3.847,43;3.816,70;6,62K;-0,0051
19.10.2020;3.842,75;3.848,10;3.849,88;3.834,50;5,76K;-0,0009
16.10.2020;3.846,10;3.850,25;3.852,00;3.827,68;3,03K;-0,0006
15.10.2020;3.848,25;3.839,00;3.862,74;3.837,11;3,22K;0,0029
14.10.2020;3.837,00;3.862,00;3.863,02;3.835,00;1,21K;-0,006
13.10.2020;3.860,00;3.828,00;3.864,02;3.825,92;3,34K;0,0095
12.10.2020;3.823,50;3.828,00;3.834,86;3.825,85;0,90K;0
09.10.2020;3.823,50;3.839,50;3.839,90;3.814,95;4,07K;-0,0037
08.10.2020;3.837,75;3.844,20;3.848,80;3.830,72;3,62K;-0,0012
07.10.2020;3.842,45;3.833,00;3.850,00;3.808,88;4,31K;0,0029
06.10.2020;3.831,25;3.829,59;3.845,50;3.807,03;5,08K;0,0009
05.10.2020;3.827,84;3.872,00;3.878,24;3.827,38;4,92K;-0,0108
02.10.2020;3.869,75;3.845,50;3.905,45;3.845,50;5,42K;0,0069
01.10.2020;3.843,25;3.827,00;3.858,50;3.797,32;4,77K;0,0047
30.09.2020;3.825,25;3.886,95;3.907,00;3.826,81;4,77K;-0,0154
29.09.2020;3.885,20;3.873,00;3.896,85;3.859,17;5,21K;0,0036
28.09.2020;3.871,25;3.887,00;3.887,47;3.830,20;4,34K;-0,0035
25.09.2020;3.885,00;3.827,00;3.893,85;3.824,43;5,20K;0,0157
24.09.2020;3.825,00;3.862,18;3.908,32;3.826,38;6,79K;-0,0075
23.09.2020;3.853,75;3.827,65;3.875,10;3.823,91;6,65K;0,009
22.09.2020;3.819,34;3.789,50;3.841,65;3.777,77;5,11K;0,0103
21.09.2020;3.780,23;3.730,00;3.802,48;3.728,10;4,35K;0,0138
18.09.2020;3.728,88;3.715,11;3.739,00;3.710,59;4,20K;0,0041
17.09.2020;3.713,80;3.687,50;3.729,00;3.686,00;4,83K;0,0075
16.09.2020;3.686,31;3.700,10;3.720,08;3.680,16;5,11K;-0,0007
15.09.2020;3.689,00;3.691,91;3.704,26;3.668,11;4,61K;0
14.09.2020;3.689,13;3.705,50;3.723,50;3.667,00;4,60K;-0,0044
11.09.2020;3.705,51;3.710,11;3.726,11;3.688,01;7,25K;-0,0012
10.09.2020;3.710,11;3.713,91;3.716,66;3.675,01;7,12K;-0,0001
09.09.2020;3.710,65;3.742,69;3.742,69;3.710,65;6,71K;-0,0074
08.09.2020;3.738,50;3.711,50;3.772,86;3.711,50;3,86K;0,0063
07.09.2020;3.715,00;3.718,38;3.719,12;3.715,00;0,01K;0
04.09.2020;3.715,01;3.691,11;3.723,01;3.671,22;7,05K;0,0065
03.09.2020;3.691,00;3.659,22;3.697,80;3.621,52;8,23K;0,0093
02.09.2020;3.657,00;3.678,75;3.690,77;3.641,14;8,06K;-0,0051
01.09.2020;3.675,85;3.745,11;3.745,21;3.667,41;7,77K;-0,0174
31.08.2020;3.741,00;3.745,29;3.766,49;3.726,93;8,80K;-0,0012
28.08.2020;3.745,50;3.816,43;3.836,74;3.739,30;8,11K;-0,0185
27.08.2020;3.816,00;3.839,64;3.849,54;3.804,92;8,04K;-0,0051
26.08.2020;3.835,55;3.871,54;3.884,84;3.831,13;9,03K;-0,0076
25.08.2020;3.865,00;3.855,67;3.887,42;3.834,49;7,89K;0,0026
24.08.2020;3.855,00;3.834,81;3.857,81;3.808,06;9,09K;0,005
21.08.2020;3.836,00;3.804,00;3.848,18;3.791,52;8,56K;0,0084
20.08.2020;3.804,00;3.755,84;3.804,00;3.755,84;6,94K;0,0125
19.08.2020;3.757,00;3.783,92;3.794,94;3.754,42;8,79K;-0,0074
18.08.2020;3.785,00;3.781,34;3.791,47;3.768,34;9,40K;-0,0021
17.08.2020;3.793,00;3.803,00;3.805,90;3.784,32;4,08K;0
14.08.2020;3.793,00;3.772,00;3.796,88;3.765,10;7,60K;0,0066
13.08.2020;3.768,17;3.761,69;3.780,39;3.749,27;8,33K;0,0032
12.08.2020;3.756,00;3.741,24;3.761,89;3.733,76;8,92K;0,0045
11.08.2020;3.739,17;3.782,24;3.782,24;3.739,17;7,85K;-0,0087
10.08.2020;3.772,07;3.746,78;3.786,68;3.743,22;8,15K;0,0078
07.08.2020;3.743,00;3.743,94;3.768,19;3.742,19;5,62K;0
06.08.2020;3.743,00;3.775,50;3.788,75;3.737,00;7,79K;-0,0087
05.08.2020;3.776,00;3.780,52;3.786,20;3.757,42;8,11K;-0,0013
04.08.2020;3.781,01;3.768,90;3.802,31;3.761,38;6,62K;0,004
03.08.2020;3.765,83;3.737,48;3.777,10;3.729,02;6,46K;0,0087
31.07.2020;3.733,33;3.721,10;3.738,50;3.716,31;7,90K;0,0029
30.07.2020;3.722,50;3.705,40;3.751,90;3.698,21;8,22K;0,0044
29.07.2020;3.706,01;3.724,31;3.726,30;3.696,26;8,71K;-0,0048
28.07.2020;3.724,01;3.674,86;3.739,01;3.669,16;8,81K;0,0136
27.07.2020;3.674,17;3.698,37;3.698,52;3.673,67;8,43K;-0,0054
24.07.2020;3.694,00;3.668,70;3.703,47;3.660,69;7,20K;0,0077
23.07.2020;3.665,69;3.640,11;3.673,03;3.634,43;8,36K;0,0079
22.07.2020;3.637,00;3.622,28;3.639,72;3.615,84;7,88K;0,0039
21.07.2020;3.623,01;3.651,90;3.651,90;3.612,81;7,58K;-0,0074
20.07.2020;3.650,07;3.657,87;3.663,47;3.648,66;3,23K;-0,0008
17.07.2020;3.653,10;3.644,50;3.666,00;3.635,52;3,48K;0,0034
16.07.2020;3.640,72;3.626,79;3.648,01;3.620,55;2,30K;0,0055
15.07.2020;3.620,80;3.627,69;3.628,04;3.602,92;0,69K;-0,0009
14.07.2020;3.624,00;3.619,11;3.648,04;3.612,87;7,38K;0,0018
13.07.2020;3.617,48;3.613,39;3.626,59;3.609,39;7,25K;0,0021
10.07.2020;3.610,00;3.623,20;3.627,24;3.604,50;6,74K;-0,003
09.07.2020;3.620,74;3.645,12;3.650,70;3.620,74;7,26K;-0,0048
08.07.2020;3.638,26;3.629,31;3.646,53;3.619,47;7,06K;0,0034
07.07.2020;3.626,01;3.632,34;3.649,26;3.622,45;7,55K;-0,003
06.07.2020;3.637,01;3.645,31;3.645,31;3.611,87;6,93K;-0,0036
03.07.2020;3.650,05;3.648,74;3.658,56;3.638,10;8,66K;0,0012
02.07.2020;3.645,50;3.713,25;3.715,99;3.642,25;8,59K;-0,0186
01.07.2020;3.714,50;3.755,98;3.760,23;3.711,63;7,95K;-0,0108
30.06.2020;3.755,16;3.750,34;3.786,87;3.734,24;7,01K;0,0007
29.06.2020;3.752,66;3.753,99;3.764,69;3.746,24;6,95K;0,0004
26.06.2020;3.751,00;3.732,00;3.771,00;3.725,60;7,54K;0,0052
25.06.2020;3.731,50;3.726,88;3.741,57;3.723,48;8,09K;0,0008
24.06.2020;3.728,51;3.699,64;3.729,65;3.699,64;8,15K;0,0077
23.06.2020;3.700,00;3.727,65;3.727,70;3.693,23;7,90K;-0,0074
22.06.2020;3.727,50;3.744,75;3.748,99;3.722,75;4,72K;-0,0055
19.06.2020;3.748,00;3.751,20;3.754,95;3.708,90;0,70K;-0,002
18.06.2020;3.755,37;3.757,48;3.788,37;3.751,33;9,87K;0,002
17.06.2020;3.747,79;3.750,54;3.768,24;3.726,74;4,40K;0,0002
16.06.2020;3.747,00;3.775,46;3.775,46;3.718,96;8,10K;-0,0086
15.06.2020;3.779,43;3.780,92;3.792,42;3.776,31;6,63K;0,0002
12.06.2020;3.778,50;3.773,00;3.782,67;3.737,80;7,08K;0,0023
11.06.2020;3.769,89;3.676,82;3.777,86;3.670,64;9,00K;0,0267
10.06.2020;3.672,00;3.655,44;3.690,19;3.640,94;8,04K;0,0049
09.06.2020;3.654,16;3.610,96;3.668,54;3.606,36;7,66K;0,0126
08.06.2020;3.608,61;3.575,98;3.617,32;3.569,78;7,16K;0,0099
05.06.2020;3.573,20;3.590,25;3.591,75;3.544,25;8,00K;-0,0025
04.06.2020;3.582,00;3.605,20;3.624,87;3.582,00;7,92K;-0,0069
03.06.2020;3.607,00;3.633,94;3.635,49;3.560,00;8,04K;-0,0075
02.06.2020;3.634,15;3.722,56;3.726,66;3.620,66;8,15K;-0,0223
01.06.2020;3.716,89;3.732,76;3.737,26;3.706,76;5,06K;-0,0035
29.05.2020;3.730,00;3.700,00;3.738,20;3.694,49;6,09K;0,009
28.05.2020;3.696,67;3.736,49;3.744,72;3.694,83;7,58K;-0,0102
27.05.2020;3.734,90;3.729,75;3.754,77;3.726,35;6,79K;0,0015
26.05.2020;3.729,27;3.772,95;3.781,24;3.709,64;6,71K;-0,013
25.05.2020;3.778,46;3.773,53;3.780,40;3.768,03;0,18K;0,0009
22.05.2020;3.775,03;3.770,80;3.799,80;3.763,00;7,34K;0,0019
21.05.2020;3.767,88;3.818,91;3.821,37;3.762,83;7,65K;-0,012
20.05.2020;3.813,55;3.840,24;3.840,24;3.796,54;7,98K;-0,0059
19.05.2020;3.836,00;3.853,00;3.857,50;3.809,60;7,44K;-0,0043
18.05.2020;3.852,50;3.910,50;3.914,00;3.827,60;8,15K;-0,015
15.05.2020;3.911,28;3.944,50;3.946,50;3.911,28;8,07K;-0,0073
14.05.2020;3.940,06;3.916,38;3.962,89;3.910,23;7,37K;0,0077
13.05.2020;3.910,01;3.888,16;3.918,88;3.876,16;7,45K;0,0075
12.05.2020;3.881,01;3.899,53;3.902,03;3.871,99;4,53K;-0,0034
11.05.2020;3.894,41;3.895,68;3.922,54;3.889,69;7,93K;0,0004
08.05.2020;3.893,00;3.922,00;3.926,36;3.870,80;7,77K;-0,0071
07.05.2020;3.920,89;3.966,18;3.966,93;3.917,01;8,03K;-0,0104
06.05.2020;3.962,26;3.932,93;3.974,12;3.931,56;7,99K;0,0082
05.05.2020;3.929,99;3.985,42;3.990,91;3.913,91;7,50K;-0,0139
04.05.2020;3.985,31;3.960,11;4.015,40;3.960,11;8,47K;0,0066
01.05.2020;3.959,00;3.959,43;3.969,97;3.958,63;6,10K;-0,0003
30.04.2020;3.960,05;3.926,47;3.970,96;3.918,88;7,45K;0,0098
29.04.2020;3.921,50;4.037,50;4.038,50;3.913,50;8,56K;-0,0282
28.04.2020;4.035,26;4.062,80;4.066,60;4.027,60;7,23K;-0,0054
27.04.2020;4.057,36;4.046,28;4.068,76;4.027,21;7,38K;0,0036
24.04.2020;4.043,00;4.024,30;4.048,15;4.016,10;7,81K;0,0058
23.04.2020;4.019,76;4.034,65;4.040,31;4.004,64;7,77K;-0,0026
22.04.2020;4.030,21;4.049,30;4.060,77;4.017,30;7,39K;-0,0038
21.04.2020;4.045,42;3.977,18;4.062,27;3.977,13;8,78K;0,0178
20.04.2020;3.974,80;3.938,43;4.002,70;3.937,99;7,39K;0,0098
17.04.2020;3.936,25;3.977,80;4.007,49;3.936,25;6,35K;-0,0098
16.04.2020;3.975,40;3.918,63;3.988,14;3.898,78;6,39K;0,015
15.04.2020;3.916,47;3.848,51;3.936,36;3.848,51;6,75K;0,017
14.04.2020;3.851,00;3.867,88;3.877,38;3.841,68;6,03K;-0,0045
13.04.2020;3.868,35;3.835,45;3.886,97;3.833,77;0,46K;0,0108
10.04.2020;3.827,00;3.828,00;3.828,17;3.827,00;0,01K;-0,0009
09.04.2020;3.830,44;3.899,35;3.899,35;3.830,44;0,23K;-0,0176
08.04.2020;3.899,01;3.906,65;3.918,93;3.861,65;5,61K;-0,0018
07.04.2020;3.906,00;3.967,00;3.972,31;3.883,43;4,21K;-0,0189
06.04.2020;3.981,36;4.016,00;4.029,32;3.955,56;4,19K;-0,0118
03.04.2020;4.029,00;4.039,39;4.054,07;3.994,19;4,25K;-0,0025
02.04.2020;4.039,00;4.087,00;4.122,16;4.025,25;4,50K;-0,0117
01.04.2020;4.087,00;4.059,00;4.123,18;4.050,82;3,81K;0,0067
31.03.2020;4.060,00;4.049,82;4.066,49;4.018,13;4,59K;-0,0007
30.03.2020;4.063,00;4.012,00;4.089,59;4.012,00;3,80K;0,0094
27.03.2020;4.025,00;3.994,50;4.076,04;3.994,50;2,20K;0,0111
26.03.2020;3.981,00;4.064,50;4.069,48;3.961,01;4,11K;-0,0209
25.03.2020;4.066,00;4.111,88;4.121,46;4.062,77;3,63K;-0,0112
24.03.2020;4.111,88;4.179,00;4.185,15;4.093,54;2,18K;-0,0163
23.03.2020;4.180,00;4.119,00;4.204,90;4.111,26;0,67K;0,0151
20.03.2020;4.118,00;4.088,00;4.155,19;4.033,01;3,18K;0,007
19.03.2020;4.089,22;4.158,25;4.220,38;4.083,05;2,99K;-0,0165
18.03.2020;4.158,00;3.998,75;4.165,70;3.998,75;4,00K;0,0399
17.03.2020;3.998,50;4.079,50;4.079,50;3.996,02;3,45K;-0,02
16.03.2020;4.080,00;4.023,00;4.169,95;4.000,38;2,14K;0,0122
13.03.2020;4.031,00;4.034,88;4.034,88;3.900,00;0,59K;0,0007
12.03.2020;4.028,00;3.889,25;4.068,13;3.885,44;0,11K;0,0351
11.03.2020;3.891,50;3.766,06;3.905,20;3.766,06;2,62K;0,0336
10.03.2020;3.765,00;3.807,51;3.833,99;3.752,52;6,19K;-0,0126
09.03.2020;3.813,01;3.591,75;3.842,55;3.591,50;5,48K;0,0623
06.03.2020;3.589,25;3.542,00;3.600,90;3.542,00;8,20K;0,0148
05.03.2020;3.537,00;3.477,00;3.544,95;3.475,90;9,88K;0,0175
04.03.2020;3.476,00;3.458,00;3.484,60;3.425,00;9,64K;0,0037
03.03.2020;3.463,22;3.462,00;3.487,90;3.413,00;6,70K;0,0004
02.03.2020;3.462,00;3.525,00;3.548,40;3.458,80;8,09K;-0,0184
28.02.2020;3.527,00;3.502,50;3.550,53;3.502,50;6,93K;0,0071
27.02.2020;3.502,00;3.458,50;3.521,81;3.458,50;8,08K;0,0127
26.02.2020;3.458,00;3.437,50;3.464,59;3.430,60;7,75K;0,0063
25.02.2020;3.436,50;3.430,20;3.439,55;3.410,05;0,90K;0,0018
24.02.2020;3.430,20;3.380,00;3.442,00;3.380,00;1,26K;0,0146
21.02.2020;3.381,00;3.404,40;3.424,80;3.369,00;0,48K;-0,0069
20.02.2020;3.404,40;3.385,50;3.416,74;3.385,50;8,94K;0,0056
19.02.2020;3.385,50;3.404,40;3.411,50;3.385,50;8,27K;-0,0054
18.02.2020;3.403,90;3.397,72;3.420,14;3.391,00;9,34K;0,002
17.02.2020;3.397,22;3.390,50;3.400,03;3.387,30;4,83K;0,0017
14.02.2020;3.391,50;3.377,05;3.393,90;3.366,50;7,48K;0,0044
13.02.2020;3.376,50;3.388,50;3.409,00;3.373,51;8,13K;-0,0034
12.02.2020;3.388,00;3.420,35;3.420,35;3.379,50;7,58K;-0,0095
11.02.2020;3.420,35;3.456,50;3.456,50;3.417,70;9,20K;-0,0105
10.02.2020;3.456,50;3.416,00;3.457,00;3.416,00;3,49K;0,0119
07.02.2020;3.416,00;3.380,45;3.420,00;3.380,45;9,23K;0,0107
06.02.2020;3.379,77;3.364,80;3.393,25;3.362,36;7,10K;0,0044
05.02.2020;3.364,80;3.362,10;3.370,50;3.339,00;8,60K;0,0008
04.02.2020;3.362,10;3.395,50;3.397,49;3.360,00;4,15K;-0,0098
03.02.2020;3.395,50;3.419,00;3.421,50;3.394,35;0,68K;-0,0072
31.01.2020;3.420,00;3.412,50;3.430,45;3.410,50;5,99K;0,0028
30.01.2020;3.410,50;3.387,30;3.419,00;3.387,30;5,66K;0,0068
29.01.2020;3.387,50;3.387,00;3.403,50;3.378,65;6,21K;-0,0016
28.01.2020;3.393,00;3.400,90;3.402,40;3.384,55;5,53K;-0,0023
27.01.2020;3.400,90;3.365,00;3.406,00;3.365,00;5,77K;0,0107
24.01.2020;3.365,00;3.361,32;3.380,77;3.349,00;6,02K;0,0015
23.01.2020;3.360,00;3.330,50;3.371,60;3.324,39;5,90K;0,0086
22.01.2020;3.331,50;3.356,10;3.356,22;3.326,70;5,70K;-0,0073
21.01.2020;3.356,10;3.332,50;3.357,89;3.332,50;4,84K;0,0071
20.01.2020;3.332,50;3.333,25;3.333,25;3.332,50;;0
17.01.2020;3.332,50;3.325,75;3.334,00;3.307,69;6,23K;0,0029
16.01.2020;3.322,85;3.299,65;3.328,45;3.293,00;6,45K;0,0078
15.01.2020;3.297,00;3.287,10;3.308,00;3.282,50;6,60K;0,0026
14.01.2020;3.288,60;3.269,25;3.290,99;3.256,05;6,57K;0,0055
13.01.2020;3.270,75;3.272,20;3.301,30;3.268,25;6,03K;-0,0004
10.01.2020;3.272,20;3.256,90;3.291,50;3.251,00;6,25K;0,0051
09.01.2020;3.255,50;3.245,50;3.265,61;3.241,25;5,67K;0,0026
08.01.2020;3.247,00;3.277,25;3.280,50;3.241,00;5,96K;-0,0048
07.01.2020;3.262,50;3.245,71;3.266,15;3.245,71;0,24K;0,005
06.01.2020;3.246,21;3.252,00;3.256,32;3.242,81;3,52K;-0,0024
03.01.2020;3.254,00;3.253,00;3.282,25;3.247,20;6,42K;0
02.01.2020;3.254,00;3.290,23;3.291,73;3.251,25;5,55K;-0,0101
01.01.2020;3.287,23;3.287,23;3.287,23;3.287,23;;0
